BEGIN;
INSERT INTO `django_content_type` (`id`, `name`, `app_label`, `model`)
VALUES
	(1,'task meta','djcelery','taskmeta'),
	(2,'taskset meta','djcelery','tasksetmeta'),
	(3,'interval','djcelery','intervalschedule'),
	(4,'crontab','djcelery','crontabschedule'),
	(5,'periodic tasks','djcelery','periodictasks'),
	(6,'periodic task','djcelery','periodictask'),
	(7,'worker','djcelery','workerstate'),
	(8,'task','djcelery','taskstate'),
	(9,'permission','auth','permission'),
	(10,'group','auth','group'),
	(11,'user','auth','user'),
	(12,'message','auth','message'),
	(13,'content type','contenttypes','contenttype'),
	(14,'site','sites','site'),
	(15,'user profile','users','userprofile'),
	(16,'register profile','users','registerprofile');

INSERT INTO `auth_permission` (`id`, `name`, `content_type_id`, `codename`)
VALUES
	(1,'Can add task meta',1,'add_taskmeta'),
	(2,'Can change task meta',1,'change_taskmeta'),
	(3,'Can delete task meta',1,'delete_taskmeta'),
	(4,'Can add taskset meta',2,'add_tasksetmeta'),
	(5,'Can change taskset meta',2,'change_tasksetmeta'),
	(6,'Can delete taskset meta',2,'delete_tasksetmeta'),
	(7,'Can add interval',3,'add_intervalschedule'),
	(8,'Can change interval',3,'change_intervalschedule'),
	(9,'Can delete interval',3,'delete_intervalschedule'),
	(10,'Can add crontab',4,'add_crontabschedule'),
	(11,'Can change crontab',4,'change_crontabschedule'),
	(12,'Can delete crontab',4,'delete_crontabschedule'),
	(13,'Can add periodic tasks',5,'add_periodictasks'),
	(14,'Can change periodic tasks',5,'change_periodictasks'),
	(15,'Can delete periodic tasks',5,'delete_periodictasks'),
	(16,'Can add periodic task',6,'add_periodictask'),
	(17,'Can change periodic task',6,'change_periodictask'),
	(18,'Can delete periodic task',6,'delete_periodictask'),
	(19,'Can add worker',7,'add_workerstate'),
	(20,'Can change worker',7,'change_workerstate'),
	(21,'Can delete worker',7,'delete_workerstate'),
	(22,'Can add task',8,'add_taskstate'),
	(23,'Can change task',8,'change_taskstate'),
	(24,'Can delete task',8,'delete_taskstate'),
	(25,'Can add permission',9,'add_permission'),
	(26,'Can change permission',9,'change_permission'),
	(27,'Can delete permission',9,'delete_permission'),
	(28,'Can add group',10,'add_group'),
	(29,'Can change group',10,'change_group'),
	(30,'Can delete group',10,'delete_group'),
	(31,'Can add user',11,'add_user'),
	(32,'Can change user',11,'change_user'),
	(33,'Can delete user',11,'delete_user'),
	(34,'Can add message',12,'add_message'),
	(35,'Can change message',12,'change_message'),
	(36,'Can delete message',12,'delete_message'),
	(37,'Can add content type',13,'add_contenttype'),
	(38,'Can change content type',13,'change_contenttype'),
	(39,'Can delete content type',13,'delete_contenttype'),
	(40,'Can add site',14,'add_site'),
	(41,'Can change site',14,'change_site'),
	(42,'Can delete site',14,'delete_site'),
	(43,'Can add user profile',15,'add_userprofile'),
	(44,'Can change user profile',15,'change_userprofile'),
	(45,'Can delete user profile',15,'delete_userprofile'),
	(46,'Can add register profile',16,'add_registerprofile'),
	(47,'Can change register profile',16,'change_registerprofile'),
	(48,'Can delete register profile',16,'delete_registerprofile');

INSERT INTO `django_site` (`id`, `domain`, `name`)
VALUES
	(4, 'affiliates.allizom.org', 'stage'),
	(5, 'affiliates.mozilla.org', 'prod');
COMMIT;
